ID,credit card appruval
5091261,0
5096963,0
5087880,0
5021949,0
5105705,0
5029195,0
5051050,0
5061569,0
5091430,0
5095937,0
5021779,0
5139986,0
5105263,0
5038825,0
5023540,0
5115460,0
5069130,0
5038812,0
5136991,0
5028534,0
5095170,0
5010965,0
5026054,0
5028418,0
5052618,0
5116870,0
5085890,0
5046276,0
5051005,0
5105984,0
5033577,0
5096828,0
5025182,0
5112867,0
5113292,0
5089647,0
5092127,0
5118037,0
5038866,0
5139957,0
5149273,0
5009183,0
5126549,0
5052981,0
5132957,0
5126760,0
5058308,0
5126593,0
5125816,0
5069173,0
5025109,0
5091303,0
5008900,0
5090533,0
5009983,0
5092108,0
5065428,0
5067741,0
5104881,0
5024698,0
5010012,0
5092429,0
5052825,0
5061443,0
5088352,0
5053554,0
5062236,0
5067347,0
5126591,0
5047929,0
5106075,0
5088844,0
5150037,0
5105316,0
5143027,0
5096165,0
5106042,0
5092090,0
5068581,0
5095479,0
5022418,0
5092269,0
5090346,0
5054694,0
5069389,0
5142698,0
5114126,0
5085889,0
5132413,0
5021515,0
5117331,0
5047771,0
5048276,0
5062604,0
5067360,0
5116189,0
5105867,0
5053521,0
5148833,0
5056237,0
5091753,0
5074667,0
5104960,0
5095962,0
5008820,0
5074639,0
5010493,0
5089846,0
5045710,0
5036319,0
5046030,0
5041674,0
5026226,0
5028489,0
5118173,0
5047708,0
5048601,0
5038745,0
5142338,0
5100070,0
5021484,0
5090936,0
5033831,0
5137448,0
5036077,0
5146474,0
5132846,0
5085660,0
5114333,0
5054277,0
5009985,0
5099753,0
5078984,0
5022041,0
5105820,0
5117053,0
5117461,0
5089278,0
5062299,0
5132442,0
5116820,0
5047680,0
5149196,0
5068606,0
5069310,0
5149956,0
5068548,0
5025171,0
5115865,0
5111115,0
5117074,0
5041570,0
5090842,0
5105588,0
5010773,0
5126832,0
5054164,0
5105627,0
5067208,0
5067414,0
5033865,0
5125928,0
5061690,0
5041750,0
5136974,0
5105215,0
5041776,0
5022872,0
5149208,0
5038870,0
5105718,0
5090154,0
5146448,0
5132693,0
5024854,0
5062302,0
5045633,0
5062623,0
5024417,0
5104957,0
5029031,0
5065712,0
5065537,0
5091064,0
5148730,0
5067164,0
5053373,0
5115953,0
5028427,0
5050507,0
5092196,0
5090734,0
5066464,0
5069491,0
5008888,0
5053008,0
5088871,0
5054281,0
5008892,0
5061622,0
5132728,0
5065561,0
5069475,0
5087514,0
5048324,0
5088290,0
5146395,0
5142175,0
5054512,0
5150406,0
5125813,0
5066971,0
5135882,0
5140027,0
5053403,0
5068715,0
5029134,0
5096500,0
5054314,0
5068432,0
5142354,0
5096159,0
5067057,0
5053227,0
5090236,0
5149911,0
5105161,0
5058429,0
5146006,0
5116106,0
5149586,0
5067965,0
5149768,0
5048072,0
5026180,0
5023650,0
5092111,0
5069321,0
5037089,0
5024583,0
5114594,0
5061474,0
5054069,0
5139680,0
5140121,0
5029406,0
5142320,0
5010722,0
5115893,0
5051219,0
5022295,0
5046151,0
5054270,0
5115451,0
5023743,0
5022643,0
5029125,0
5105445,0
5050556,0
5054488,0
5105553,0
5105957,0
5106048,0
5091195,0
5047968,0
5117550,0
5149291,0
5065610,0
5118564,0
5149499,0
5041662,0
5036080,0
5095501,0
5132947,0
5091378,0
5145781,0
5045356,0
5023603,0
5137302,0
5045380,0
5116845,0
5067821,0
5142975,0
5026474,0
5135437,0
5067385,0
5089558,0
5068479,0
5010600,0
5045670,0
5096683,0
5067673,0
5041819,0
5090270,0
5091552,0
5090752,0
5065787,0
5036132,0
5062690,0
5132567,0
5142811,0
5097029,0
5096857,0
5105544,0
5022649,0
5024666,0
5090596,0
5054038,0
5054680,0
5137425,0
5117355,0
5125769,0
5125601,0
5036541,0
5026148,0
5126578,0
5033677,0
5022627,0
5025012,0
5149241,0
5089779,0
5036969,0
5008913,0
5088999,0
5036064,0
5058551,0
5066539,0
5052818,0
5096833,0
5069178,0
5142459,0
5088805,0
5061118,0
5068506,0
5028862,0
5114077,0
5096463,0
5025961,0
5033591,0
5037022,0
5117817,0
5126570,0
5125474,0
5036277,0
5045246,0
5096527,0
5116329,0
5142683,0
5068805,0
5045165,0
5148566,0
5054130,0
5078851,0
5116321,0
5146584,0
5054684,0
5041492,0
5125688,0
5104848,0
5089695,0
5029026,0
5046278,0
5150040,0
5045567,0
5033952,0
5053721,0
5117480,0
5036134,0
5045722,0
5008962,0
5142339,0
5105030,0
5022111,0
5054228,0
5146456,0
5125623,0
5008853,0
5066427,0
5033914,0
5010820,0
5034016,0
5146039,0
5069073,0
5113500,0
5095303,0
5010998,0
5114457,0
5048516,0
5099709,0
5132772,0
5009391,0
5054515,0
5047927,0
5026200,0
5024664,0
5010670,0
5069018,0
5048397,0
5067163,0
5050582,0
5099738,0
5092323,0
5105574,0
5087899,0
5009332,0
5068986,0
5009382,0
5105458,0
5047640,0
5029427,0
5041066,0
5105717,0
5099852,0
5024148,0
5033713,0
5125182,0
5146455,0
5069100,0
5135625,0
5021441,0
5143078,0
5029350,0
5054150,0
5118149,0
5067573,0
5095193,0
5095268,0
5091880,0
5029017,0
5142836,0
5118643,0
5062723,0
5143237,0
5054759,0
5029200,0
5091825,0
5137481,0
5036127,0
5056084,0
5022495,0
5092102,0
5028259,0
5068760,0
5052881,0
5054747,0
5046077,0
5042269,0
5137394,0
5113649,0
5125936,0
5023035,0
5037010,0
5117643,0
5087554,0
5053806,0
5008875,0
5115671,0
5052860,0
5033474,0
5111097,0
5116385,0
5142587,0
5025080,0
5095098,0
5105854,0
5089403,0
5118049,0
5125911,0
5069421,0
5035685,0
5142171,0
5116450,0
5118616,0
5069234,0
5148707,0
5089707,0
5022454,0
5024910,0
5113872,0
5135843,0
5062740,0
5048497,0
5085802,0
5051175,0
5011001,0
5125178,0
5045964,0
5090121,0
5042091,0
5135890,0
5068486,0
5022835,0
5051077,0
5029071,0
5126141,0
5126249,0
5054690,0
5053498,0
5142916,0
5145834,0
5085907,0
5135993,0
5052840,0
5146427,0
5091668,0
5095463,0
5046115,0
5069340,0
5142927,0
5142096,0
5092268,0
5126557,0
5126382,0
5074734,0
5104862,0
5025928,0
5054116,0
5143066,0
5149123,0
5135864,0
5029604,0
5090639,0
5115934,0
5132664,0
5118288,0
5022692,0
5062699,0
5067180,0
5024567,0
5029567,0
5036851,0
5145842,0
5038570,0
5048177,0
5054050,0
5009916,0
5125280,0
5115813,0
5009864,0
5096353,0
5038544,0
5113851,0
5100009,0
5024526,0
5113569,0
5061073,0
5067610,0
5143401,0
5066900,0
5050645,0
5036552,0
5069228,0
5062149,0
5087533,0
5024483,0
5042352,0
5089675,0
5047647,0
5117919,0
5023521,0
5061842,0
5132936,0
5142350,0
5090838,0
5009865,0
5036358,0
5079284,0
5042019,0
5068164,0
5065395,0
5010791,0
5054087,0
5053952,0
5089671,0
5148980,0
5018426,0
5105599,0
5143396,0
5088900,0
5042039,0
5061651,0
5095456,0
5135641,0
5029356,0
5036615,0
5142781,0
5148938,0
5142190,0
5065532,0
5148577,0
5028442,0
5068605,0
5118268,0
5111071,0
5139492,0
5113906,0
5118636,0
5067664,0
5008809,0
5009207,0
5053856,0
5091285,0
5066980,0
5126315,0
5061405,0
5054008,0
5024900,0
5067511,0
5021984,0
5036092,0
5089223,0
5009622,0
5113212,0
5111072,0
5067142,0
5117313,0
5132806,0
5118194,0
5125540,0
5048175,0
5150467,0
5061117,0
5146450,0
5056079,0
5033582,0
5125655,0
5143631,0
5126335,0
5068422,0
5088960,0
5050680,0
5046548,0
5056071,0
5058435,0
5052754,0
5061266,0
5023739,0
5143211,0
5037226,0
5023451,0
5126468,0
5137411,0
5036983,0
5079156,0
5112985,0
5100376,0
5041162,0
5053915,0
5088532,0
5125890,0
5033970,0
5100043,0
5135814,0
5095384,0
5067332,0
5090134,0
5125959,0
5068433,0
5105700,0
5114149,0
5023923,0
5105292,0
5090903,0
5054745,0
5089566,0
5113533,0
5025069,0
5113337,0
5117944,0
5035655,0
5068311,0
5105758,0
5105900,0
5113028,0
5036504,0
5050844,0
5142090,0
5068705,0
5095305,0
5050650,0
5029259,0
5024141,0
5009573,0
5142563,0
5125248,0
5021883,0
5024782,0
5062240,0
5053174,0
5028934,0
5106002,0
5100039,0
5125395,0
5068297,0
5025791,0
5045395,0
5090956,0
5045712,0
5126458,0
5126289,0
5112994,0
5096924,0
5022981,0
5079039,0
5033768,0
5062649,0
5116129,0
5079240,0
5045433,0
5068466,0
5068751,0
5088054,0
5092343,0
5137514,0
5078871,0
5114102,0
5095454,0
5010425,0
5112887,0
5150234,0
5078848,0
5048348,0
5116750,0
5069437,0
5010127,0
5089243,0
5046027,0
5126529,0
5087550,0
5114407,0
5142618,0
5021887,0
5053201,0
5139678,0
5132304,0
5095434,0
5061131,0
5053929,0
5041089,0
5010129,0
5132962,0
5023725,0
5148972,0
5074816,0
5009182,0
5135682,0
5146028,0
5066814,0
5066973,0
5068748,0
5093248,0
5036939,0
5097169,0
5069320,0
5010557,0
5042332,0
5010745,0
5041668,0
5135889,0
5078780,0
5022651,0
5023849,0
5125136,0
5029404,0
5061861,0
5117988,0
5008993,0
5036082,0
5056155,0
5037020,0
5113256,0
5091836,0
5149748,0
5054256,0
5066936,0
5116622,0
5065663,0
5104852,0
5042302,0
5143020,0
5132590,0
5062619,0
5033443,0
5087481,0
5061313,0
5118257,0
5053550,0
5050630,0
5052770,0
5116244,0
5051192,0
5112869,0
5041895,0
5041708,0
5139914,0
5058484,0
5143509,0
5091503,0
5029054,0
5105886,0
5011011,0
5061189,0
5116384,0
5137073,0
5096615,0
5061458,0
5024984,0
5135854,0
5137377,0
5065626,0
5036687,0
5106004,0
5047900,0
5145866,0
5149140,0
5023440,0
5115946,0
5045381,0
5125543,0
5065355,0
5054257,0
5065519,0
5065592,0
5090927,0
5126004,0
5068108,0
5137208,0
5126188,0
5050569,0
5139489,0
5111166,0
5091125,0
5033556,0
5150487,0
5010906,0
5054141,0
5117409,0
5091238,0
5045618,0
5095280,0
5090368,0
5125686,0
5009293,0
5053192,0
5036253,0
5148449,0
5024540,0
5010045,0
5067609,0
5062290,0
5113503,0
5028486,0
5117231,0
5033920,0
5105314,0
5079293,0
5143393,0
5089528,0
5061978,0
5062095,0
5045644,0
5105762,0
5046449,0
5061137,0
5009262,0
5065755,0
5010661,0
5090164,0
5028697,0
5061084,0
5061911,0
5068863,0
5069251,0
5118364,0
5028617,0
5115431,0
5117284,0
5092057,0
5096861,0
5087946,0
5105852,0
5046560,0
5115406,0
5113442,0
5009939,0
5058249,0
5066692,0
5148909,0
5068016,0
5021876,0
5148704,0
5091717,0
5142818,0
5010421,0
5092408,0
5091718,0
5126204,0
5061691,0
5115890,0
5125184,0
5067377,0
5115711,0
5048529,0
5023544,0
5036959,0
5022382,0
5089156,0
5048396,0
5132963,0
5148660,0
5028263,0
5143502,0
5086062,0
5148834,0
5048574,0
5065571,0
5045867,0
5099938,0
5113318,0
5044929,0
5022623,0
5066802,0
5009400,0
5115429,0
5046510,0
5058251,0
5010583,0
5117728,0
5029157,0
5116364,0
5125170,0
5096878,0
5037193,0
5091436,0
5041928,0
5132259,0
5036534,0
5062601,0
5054119,0
5024629,0
5125277,0
5125810,0
5046426,0
5125674,0
5058319,0
5105007,0
5149111,0
5096135,0
5137288,0
5149820,0
5105380,0
5024130,0
5033598,0
5088887,0
5112897,0
5116700,0
5023288,0
5068756,0
5024971,0
5113855,0
5118219,0
5069039,0
5050596,0
5090733,0
5132975,0
5126154,0
5067101,0
5149799,0
5105353,0
5062617,0
5010398,0
5052634,0
5067470,0
5042114,0
5126510,0
5022058,0
5068126,0
5010188,0
5023781,0
5096470,0
5033605,0
5116116,0
5146235,0
5115762,0
5143549,0
5065539,0
5118452,0
5149827,0
5045639,0
5092468,0
5008903,0
5118309,0
5066867,0
5113269,0
5029313,0
5046327,0
5024877,0
5116988,0
5074591,0
5100167,0
5048320,0
5047848,0
5069229,0
5044926,0
5105914,0
5068406,0
5148774,0
5104944,0
5135819,0
5009141,0
5143581,0
5091635,0
5048547,0
5095472,0
5067788,0
5034009,0
5116231,0
5115936,0
5050666,0
5029214,0
5095106,0
5148926,0
5112730,0
5042285,0
5096831,0
5022813,0
5096242,0
5117317,0
5117853,0
5021907,0
5050681,0
5096095,0
5137491,0
5009583,0
5079164,0
5142662,0
5132784,0
5046315,0
5023549,0
5132831,0
5009105,0
5148853,0
5142240,0
5054414,0
5048068,0
5142691,0
5062640,0
5085628,0
5097184,0
5021682,0
5091435,0
5115454,0
5061344,0
5149051,0
5022853,0
5052970,0
5113421,0
5026494,0
5025143,0
5150044,0
5126007,0
5009730,0
5046031,0
5148871,0
5087616,0
5022000,0
5117883,0
5079016,0
5148890,0
5149566,0
5090130,0
5146106,0
5033653,0
5056092,0
5114506,0
5089709,0
5105483,0
5118356,0
5009849,0
5023614,0
5029652,0
5010551,0
5009761,0
5046070,0
5095471,0
5137233,0
5010657,0
5067055,0
5048246,0
5105090,0
5068889,0
5068505,0
5092416,0
5010964,0
5091415,0
5092024,0
5142491,0
5115436,0
5025102,0
5065315,0
5065536,0
5089190,0
5010297,0
5137061,0
5113567,0
5009058,0
5029300,0
5112615,0
5116055,0
5142469,0
5024094,0
5061755,0
5061276,0
5117257,0
5105110,0
5010001,0
5026654,0
5115741,0
5137426,0
5091607,0
5023684,0
5113235,0
5024450,0
5149501,0
5137026,0
5113214,0
5061094,0
5145804,0
5125216,0
5061273,0
5041136,0
5067379,0
5142745,0
5149828,0
5099706,0
5054295,0
5045361,0
5061301,0
5062001,0
5028362,0
5125311,0
5089443,0
5091777,0
5021419,0
5029335,0
5061810,0
5115687,0
5135617,0
5067194,0
5146599,0
5089394,0
5089591,0
5114217,0
5090485,0
5041761,0
5100105,0
5139806,0
5010564,0
5062303,0
5148955,0
5150393,0
5062540,0
5139486,0
5085835,0
5091041,0
5022237,0
5096884,0
5089464,0
5091193,0
5126678,0
5114313,0
5053268,0
5116447,0
5113785,0
5146552,0
5115526,0
5022687,0
5068808,0
5068017,0
5053492,0
5028251,0
5095120,0
5023612,0
5029015,0
5054636,0
5023556,0
5061973,0
5021710,0
5022567,0
5022250,0
5065811,0
5038750,0
5068634,0
5022446,0
5045346,0
5061519,0
5054070,0
5116243,0
5050509,0
5105183,0
5096462,0
5146040,0
5009346,0
5035860,0
5009050,0
5145912,0
5149409,0
5142370,0
5066697,0
5105190,0
5145863,0
5024393,0
5021665,0
5105606,0
5021989,0
5089589,0
5042014,0
5048386,0
5143570,0
5106073,0
5045688,0
5041298,0
5045253,0
5113968,0
5112802,0
5022114,0
5117005,0
5113174,0
5132958,0
5150048,0
5029230,0
5044607,0
5113313,0
5139468,0
5105791,0
5125328,0
5146353,0
5051088,0
5065758,0
5118115,0
5089507,0
5126218,0
5061332,0
5088813,0
5021705,0
5143318,0
5023084,0
5105218,0
5023915,0
5090014,0
5054145,0
5021301,0
5099897,0
5022422,0
5067215,0
5090719,0
5009729,0
5035423,0
5099968,0
5090653,0
5100040,0
5053750,0
5062374,0
5090520,0
5022848,0
5090598,0
5062160,0
5021624,0
5085770,0
5116814,0
5149574,0
5024067,0
5106058,0
5041506,0
5010797,0
5105091,0
5100367,0
5029518,0
5061984,0
5091791,0
5021513,0
5114314,0
5069415,0
5091411,0
5029111,0
5149854,0
5090528,0
5028692,0
5089601,0
5009546,0
5058342,0
5021680,0
5137397,0
5029749,0
5045541,0
5053468,0
5053045,0
5065767,0
5038700,0
5089384,0
5125559,0
5021990,0
5021709,0
5045694,0
5091857,0
5037043,0
5105981,0
5117314,0
5095590,0
5135825,0
5053723,0
5091662,0
5054357,0
5149331,0
5024579,0
5010904,0
5106057,0
5148848,0
5095358,0
5021595,0
5061987,0
5029258,0
5104943,0
5061462,0
5047877,0
5053360,0
5137087,0
5137328,0
5054634,0
5047677,0
5009518,0
5051013,0
5050564,0
5149890,0
5117622,0
5041934,0
5091236,0
5095312,0
5024060,0
5089487,0
5010617,0
5038907,0
5024742,0
5053730,0
5046425,0
5117274,0
5090365,0
5132977,0
5116396,0
5010530,0
5037000,0
5126623,0
5068203,0
5148824,0
5106080,0
5150146,0
5125720,0
5037065,0
5105020,0
5065510,0
5146204,0
5068897,0
5046353,0
5137289,0
5116663,0
5091184,0
5116647,0
5125983,0
5125910,0
5054578,0
5091282,0
5041699,0
5148998,0
5142831,0
5010294,0
5050916,0
5112813,0
5114438,0
5142166,0
5036257,0
5094916,0
5135616,0
5125737,0
5036631,0
5090879,0
5038783,0
5025681,0
5095040,0
5067160,0
5089798,0
5033501,0
5113606,0
5023841,0
5091759,0
5035425,0
5046429,0
5050794,0
5068582,0
5118026,0
5053724,0
5048050,0
5061194,0
5149249,0
5024146,0
5112926,0
5067020,0
5046271,0
5095638,0
5125798,0
5056151,0
5045690,0
5142829,0
5100046,0
5094898,0
5089317,0
5126457,0
5091253,0
5010458,0
5142768,0
5142300,0
5112606,0
5088042,0
5089261,0
5085871,0
5137209,0
5062692,0
5091919,0
5068415,0
5150473,0
5078895,0
5048323,0
5090769,0
5065567,0
5026455,0
5053583,0
5056036,0
5061119,0
5087815,0
5028616,0
5052646,0
5021706,0
5068105,0
5149419,0
5095858,0
5105259,0
5053755,0
5125336,0
5010430,0
5041929,0
5089045,0
5125710,0
5061982,0
5113974,0
5046011,0
5085630,0
5091916,0
5143060,0
5066425,0
5105537,0
5023280,0
5033976,0
5135793,0
5022599,0
5118533,0
5117588,0
5142619,0
5113899,0
5046484,0
5029516,0
5091445,0
5010363,0
5146084,0
5045136,0
5021881,0
5022238,0
5139608,0
5062219,0
5062227,0
5117255,0
5067184,0
5047654,0
5026418,0
5090691,0
5149969,0
5137293,0
5024770,0
5069071,0
5069473,0
5089072,0
5024033,0
5145783,0
5009270,0
5088602,0
5126835,0
5010432,0
5054707,0
5137408,0
5087972,0
5118531,0
5142912,0
5143425,0
5044588,0
5074709,0
5113993,0
5132674,0
5010117,0
5114395,0
5047691,0
5026273,0
5100073,0
5068780,0
5053957,0
5148872,0
5136918,0
5099868,0
5068599,0
5046141,0
5135508,0
5149596,0
5116414,0
5009227,0
5117470,0
5024952,0
5146533,0
5052879,0
5091855,0
5096164,0
5008956,0
5105109,0
5061821,0
5024485,0
5126743,0
5078996,0
5053247,0
5116299,0
5143326,0
5114411,0
5115926,0
5091955,0
5033495,0
5050513,0
5090316,0
5118227,0
5117536,0
5010414,0
5010793,0
5090847,0
5090506,0
5033566,0
5042327,0
5024781,0
5028484,0
5068809,0
5113164,0
5116295,0
5091562,0
5096566,0
5047696,0
5106087,0
5036610,0
5114465,0
5045015,0
5105901,0
5118650,0
5033647,0
5068854,0
5010974,0
5074685,0
5008936,0
5089564,0
5078870,0
5150081,0
5053822,0
5148845,0
5052920,0
5022547,0
5142624,0
5105616,0
5021491,0
5068590,0
5069438,0
5115631,0
5041610,0
5010314,0
5096380,0
5045069,0
5045935,0
5009447,0
5028911,0
5024911,0
5136914,0
5099760,0
5047992,0
5067355,0
5125291,0
5058527,0
5033706,0
5143580,0
5010164,0
5087824,0
5111100,0
5035924,0
5146144,0
5033753,0
5054271,0
5139310,0
5142612,0
5105507,0
5100307,0
5023295,0
5099979,0
5021254,0
5142959,0
5117596,0
5142561,0
5009611,0
5074818,0
5024591,0
5099907,0
5143124,0
5142767,0
5062539,0
5022762,0
5149118,0
5114220,0
5149416,0
5118416,0
5095311,0
5052823,0
5045876,0
5009092,0
5036501,0
5145777,0
5093307,0
5067628,0
5125665,0
5088053,0
5135899,0
5113255,0
5048023,0
5033574,0
5150483,0
5111092,0
5091331,0
5042149,0
5149711,0
5078788,0
5126036,0
5114523,0
5143325,0
5036967,0
5105784,0
5010075,0
5066673,0
5050965,0
5023628,0
5045636,0
5117806,0
5035418,0
5099931,0
5095452,0
5021715,0
5054166,0
5132765,0
5088881,0
5105611,0
5067597,0
5106153,0
5054475,0
5115425,0
5033656,0
5066777,0
5089514,0
5089752,0
5125612,0
5061593,0
5021466,0
5089726,0
5096107,0
5010011,0
5066436,0
5096111,0
5091952,0
5114316,0
5023309,0
5116402,0
5036756,0
5089742,0
5056057,0
5136929,0
5036593,0
5095723,0
5066432,0
5106137,0
5036320,0
5046105,0
5097096,0
5150353,0
5116001,0
5036955,0
5033836,0
5089744,0
5115906,0
5150484,0
5028908,0
5051235,0
5136880,0
5010697,0
5069311,0
5010366,0
5117761,0
5010747,0
5125605,0
5029684,0
5067005,0
5105938,0
5142471,0
5029727,0
5021213,0
5010217,0
5054092,0
5113400,0
5029485,0
5105691,0
5132833,0
5042081,0
5021192,0
5115815,0
5112919,0
5096865,0
5024870,0
5113748,0
5068238,0
5067301,0
5146193,0
5114541,0
5150230,0
5116699,0
5028917,0
5143555,0
5126292,0
5115728,0
5062491,0
5046540,0
5137474,0
5037207,0
5052889,0
5091899,0
5053446,0
5054343,0
5048604,0
5135798,0
5050727,0
5050796,0
5142826,0
5148669,0
5091646,0
5046538,0
5116509,0
5113309,0
5036446,0
5135775,0
5117069,0
5090680,0
5054206,0
5105804,0
5117528,0
5079077,0
5142283,0
5125227,0
5089154,0
5116444,0
5054633,0
5068202,0
5150073,0
5089529,0
5009425,0
5068480,0
5091563,0
5061072,0
5010494,0
5113088,0
5089516,0
5035999,0
5065403,0
5135544,0
5022770,0
5090600,0
5125978,0
5078814,0
5061415,0
5029461,0
5041401,0
5022923,0
5096079,0
5024369,0
5065392,0
5069327,0
5099860,0
5143239,0
5048592,0
5091414,0
5069063,0
5116957,0
5113694,0
5117874,0
5088892,0
5137498,0
5026642,0
5035858,0
5096319,0
5116380,0
5021338,0
5143533,0
5137535,0
5052725,0
5118557,0
5113961,0
5028990,0
5062084,0
5104948,0
5053184,0
5028294,0
5052637,0
5139609,0
5113104,0
5045366,0
5099805,0
5111171,0
5035431,0
5148759,0
5118084,0
5089504,0
5126483,0
5033532,0
5089768,0
5041915,0
5021551,0
5115910,0
5018495,0
5146044,0
5095874,0
5045364,0
5149452,0
5089813,0
5010174,0
5036402,0
5033479,0
5091767,0
5010298,0
5022809,0
5078828,0
5033569,0
5058358,0
5029352,0
5116323,0
5046521,0
5142814,0
5115642,0
5125878,0
5037052,0
5035509,0
5021696,0
5091278,0
5117544,0
5074710,0
5062584,0
5036093,0
5041500,0
5061235,0
5045997,0
5038627,0
5061601,0
5054122,0
5022559,0
5021518,0
5021494,0
5023483,0
5054691,0
5067881,0
5046360,0
5066562,0
5115860,0
5042243,0
5117222,0
5036067,0
5142626,0
5022350,0
5068336,0
5047956,0
5028731,0
5052717,0
5061088,0
5125717,0
5022248,0
5062613,0
5105920,0
5132292,0
5050561,0
5096317,0
5066907,0
5053562,0
5096255,0
5009360,0
5137462,0
5023389,0
5061314,0
5034007,0
5022545,0
5090019,0
5061303,0
5117523,0
5100433,0
5052723,0
5113339,0
5105989,0
5023700,0
5053818,0
5053652,0
5010224,0
5095171,0
5114263,0
5052669,0
5089382,0
5113420,0
5095635,0
5056025,0
5009632,0
5010556,0
5058415,0
5042145,0
5150147,0
5149742,0
5092409,0
5010553,0
5041677,0
5116944,0
5139759,0
5022536,0
5023264,0
5010928,0
5142564,0
5142297,0
5029453,0
5062522,0
5106159,0
5078904,0
5078815,0
5139412,0
5053397,0
5149197,0
5118428,0
5033664,0
5143632,0
5061520,0
5062159,0
5136981,0
5105265,0
5050973,0
5009561,0
5149425,0
5045684,0
5089579,0
5042245,0
5096112,0
5079071,0
5065753,0
5029361,0
5022428,0
5105754,0
5022163,0
5099984,0
5045910,0
5116366,0
5090951,0
5116796,0
5018440,0
5142909,0
5114024,0
5021229,0
5045042,0
5114284,0
5023622,0
5024988,0
5089053,0
5125154,0
5095236,0
5091440,0
5068347,0
5117926,0
5046498,0
5142807,0
5069416,0
5113587,0
5042115,0
5096142,0
5126081,0
5029764,0
5010574,0
5104946,0
5149493,0
5010463,0
5048630,0
5008909,0
5118649,0
5061517,0
5116555,0
5061999,0
5096218,0
5054497,0
5092276,0
5113399,0
5061758,0
5054014,0
5096962,0
5028455,0
5135532,0
5148491,0
5010590,0
5150116,0
5091304,0
5058469,0
5091812,0
5058270,0
5008866,0
5036596,0
5135513,0
5051208,0
5091513,0
5088835,0
5010026,0
5135489,0
5024066,0
5105346,0
5041810,0
5148608,0
5090302,0
5051004,0
5050730,0
5089070,0
5058436,0
5010370,0
5145798,0
5029587,0
5029005,0
5117352,0
5096795,0
5068515,0
5088664,0
5099973,0
5105211,0
5143602,0
5066962,0
5091544,0
5068711,0
5097060,0
5095724,0
5125537,0
5117537,0
5022610,0
5044511,0
5023441,0
5050629,0
5143057,0
5117787,0
5053071,0
5111205,0
5114445,0
5045155,0
5132788,0
5116907,0
5100406,0
5149392,0
5065820,0
5067428,0
5054384,0
5046181,0
5143423,0
5029778,0
5068650,0
5028531,0
5125581,0
5033499,0
5067966,0
5117079,0
5009759,0
5125811,0
5052732,0
5091005,0
5142159,0
5065594,0
5143022,0
5053220,0
5051044,0
5066918,0
5116145,0
5142557,0
5069284,0
5105916,0
5018420,0
5146025,0
5146539,0
5150058,0
5114334,0
5045397,0
5125414,0
5009845,0
5062502,0
5091342,0
5113634,0
5089189,0
5023004,0
5022712,0
5023449,0
5036711,0
5142507,0
5010241,0
5041473,0
5021296,0
5125176,0
5116473,0
5116884,0
5009739,0
5061892,0
5091259,0
5054091,0
5115694,0
5067557,0
5045723,0
5113998,0
5065711,0
5041461,0
5053770,0
5085708,0
5029393,0
5009558,0
5149079,0
5009908,0
5090400,0
5069235,0
5009213,0
5065657,0
5125561,0
5113837,0
5078844,0
5136940,0
5068770,0
5029262,0
5095274,0
5150338,0
5042306,0
5135959,0
5094878,0
5096673,0
5045711,0
5053396,0
5116442,0
5029620,0
5023447,0
5008947,0
5023075,0
5148590,0
5142259,0
5028567,0
5022217,0
5062155,0
5117000,0
5022847,0
5135485,0
5069266,0
5116121,0
5061187,0
5054252,0
5022354,0
5105296,0
5045976,0
5046358,0
5029129,0
5010689,0
5042079,0
5068315,0
5062161,0
5022504,0
5100164,0
5118534,0
5028460,0
5045164,0
5028308,0
5068735,0
5066509,0
5068044,0
5010806,0
5067060,0
5089163,0
5023683,0
5149585,0
5125172,0
5036958,0
5048045,0
5125687,0
5115432,0
5047836,0
5118574,0
5125197,0
5113385,0
5044620,0
5026190,0
5091840,0
5091943,0
5069512,0
5026609,0
5024800,0
5143075,0
5139913,0
5009381,0
5088311,0
5065640,0
5091598,0
5091621,0
5149823,0
5096990,0
5024826,0
5068232,0
5091963,0
5069267,0
5068394,0
5068752,0
5025101,0
5125806,0
5132589,0
5036995,0
5114366,0
5058454,0
5143535,0
5148736,0
5062645,0
5118259,0
5038881,0
5065658,0
5149996,0
5092393,0
5079055,0
5061620,0
5011003,0
5149114,0
5139470,0
5139467,0
5021568,0
5092315,0
5066720,0
5117464,0
5038554,0
5028551,0
5114211,0
5009897,0
5009399,0
5097007,0
5054687,0
5022690,0
5114129,0
5113840,0
5048300,0
5052969,0
5145983,0
5024676,0
5028515,0
5118464,0
5056139,0
5029458,0
5090103,0
5022568,0
5067461,0
5028844,0
5010249,0
5146085,0
5054094,0
5021559,0
5041786,0
5067696,0
5111158,0
5036086,0
5025060,0
5022240,0
5047814,0
5079081,0
5149403,0
5068903,0
5146095,0
5095495,0
5054630,0
5118363,0
5095270,0
5117754,0
5135593,0
5092176,0
5112796,0
5137134,0
5053461,0
5046371,0
5091307,0
5139807,0
5091545,0
5024047,0
5089667,0
5100464,0
5025948,0
5067346,0
5117271,0
5150333,0
5033870,0
5074687,0
5091991,0
5022087,0
5085763,0
5116315,0
5024162,0
5041625,0
5118088,0
5022376,0
5068747,0
5022596,0
5053602,0
5061421,0
5050617,0
5114633,0
5114422,0
5062365,0
5024660,0
5026619,0
5010585,0
5085878,0
5142779,0
5022886,0
5150359,0
5065418,0
5143484,0
5067653,0
5116562,0
5113016,0
5024129,0
5099988,0
5149822,0
5023593,0
5067024,0
5090061,0
5052730,0
5135490,0
5026488,0
5065429,0
5105695,0
5114014,0
5143558,0
5029354,0
5022879,0
5066582,0
5126843,0
5125836,0
5046455,0
5061513,0
5051087,0
5010048,0
5053819,0
5045932,0
5091441,0
5140162,0
5067655,0
5100089,0
5048060,0
5091318,0
5045493,0
5117319,0
5024467,0
5091560,0
5036922,0
5048153,0
5068521,0
5125422,0
5029807,0
5143107,0
5036951,0
5029124,0
5149980,0
5095733,0
5041833,0
5113341,0
5024694,0
5068565,0
5010976,0
5105058,0
5028559,0
5096821,0
5105366,0
5024451,0
5078791,0
5132263,0
5069514,0
5028422,0
5095751,0
5091496,0
5023566,0
5061653,0
5089277,0
5068584,0
5149572,0
5114128,0
5048322,0
5065692,0
5046501,0
5139653,0
5009806,0
5112941,0
5021228,0
5058460,0
5117539,0
5137177,0
5100441,0
5091950,0
5148571,0
5125467,0
5095196,0
5033773,0
5135376,0
5061418,0
5050485,0
5096350,0
5126013,0
5028842,0
5054489,0
5113291,0
5053551,0
5117447,0
5048395,0
5113129,0
5096820,0
5092402,0
5068170,0
5115457,0
5053359,0
5135486,0
5091456,0
5029513,0
5117515,0
5022607,0
5078829,0
5117732,0
5079134,0
5028417,0
5087774,0
5079292,0
5025921,0
5038730,0
5097008,0
5135381,0
5054740,0
5146409,0
5021647,0
5150052,0
5068412,0
5058339,0
5061224,0
5149076,0
5052796,0
5056115,0
5024073,0
5100023,0
5136015,0
5118013,0
5095009,0
5010837,0
5036678,0
5037268,0
5009930,0
5035558,0
5135652,0
5112873,0
5023998,0
5112666,0
5142731,0
5054125,0
5125412,0
5058361,0
5010638,0
5009251,0
5142744,0
5021817,0
5009416,0
5113196,0
5096729,0
5089642,0
5068739,0
5033977,0
5117791,0
5142795,0
5051148,0
5068035,0
5142752,0
5029783,0
5132731,0
5066862,0
5009837,0
5067956,0
5079218,0
5126294,0
5042335,0
5025792,0
5150395,0
5068185,0
5068782,0
5092362,0
5105188,0
5117762,0
5149330,0
5097021,0
5065782,0
5089793,0
5065442,0
5090982,0
5118369,0
5089595,0
5115550,0
5066554,0
5150237,0
5090309,0
5115945,0
5105902,0
5085755,0
5118171,0
5024543,0
5149965,0
5114531,0
5089652,0
5023619,0
5028772,0
5140075,0
5142310,0
5115516,0
5142813,0
5112702,0
5061881,0
5009057,0
5054255,0
5086045,0
5117834,0
5023266,0
5132932,0
5025120,0
5047675,0
5023176,0
5052690,0
5061557,0
5117291,0
5035419,0
5023917,0
5023392,0
5125238,0
5105770,0
5125491,0
5091543,0
5089239,0
5009634,0
5115657,0
5022679,0
5113477,0
5062157,0
5053042,0
5023121,0
5033830,0
5042080,0
5148879,0
5089028,0
5010956,0
5089064,0
5115876,0
5142380,0
5036907,0
5048328,0
5058421,0
5041458,0
5149000,0
5143203,0
5142886,0
5149694,0
5022795,0
5051129,0
5037228,0
5116883,0
5066988,0
5021225,0
5112915,0
5145722,0
5037041,0
5112627,0
5104869,0
5010346,0
5021704,0
5056053,0
5046118,0
5047955,0
5054043,0
5079022,0
5111138,0
5025195,0
5029142,0
5065439,0
5053631,0
5114484,0
5046451,0
5096603,0
5113800,0
5135658,0
5036831,0
5091457,0
5022917,0
5022386,0
5115830,0
5066979,0
5112701,0
5024476,0
5090925,0
5053043,0
5089968,0
5068622,0
5025682,0
5062078,0
5142758,0
5045800,0
5029808,0
5024818,0
5091539,0
5115558,0
5126061,0
5033756,0
5091428,0
5010710,0
5137401,0
5137450,0
5126761,0
5116644,0
5041398,0
5053579,0
5047980,0
5068055,0
5113646,0
5089265,0
5089327,0
5150355,0
5023110,0
5021788,0
5115497,0
5086036,0
5115744,0
5033586,0
5092345,0
5090635,0
5114213,0
5142761,0
5061191,0
5085769,0
5126813,0
5046138,0
5068338,0
5061181,0
5066499,0
5029711,0
5029607,0
5024589,0
5065731,0
5105018,0
5024192,0
5087675,0
5136939,0
5116311,0
5118540,0
5149607,0
5061126,0
5143348,0
5035716,0
5090745,0
5115434,0
5038517,0
5009807,0
5096983,0
5125846,0
5105448,0
5038771,0
5146385,0
5054739,0
5139959,0
5125628,0
5021468,0
5135767,0
5146460,0
5142895,0
5021571,0
5142127,0
5054089,0
5085929,0
5052693,0
5117855,0
5046183,0
5097047,0
5028976,0
5085645,0
5053520,0
5046049,0
5114357,0
5137470,0
5088433,0
5037209,0
5048221,0
5029271,0
5090708,0
5067426,0
5126759,0
5105600,0
5115727,0
5067560,0
5142690,0
5079146,0
5054756,0
5023941,0
5113847,0
5035843,0
5029304,0
5114552,0
5106143,0
5023097,0
5048111,0
5096738,0
5048098,0
5066873,0
5135482,0
5116810,0
5150408,0
5061279,0
5023748,0
5069231,0
5066523,0
5095868,0
5136941,0
5021782,0
5056015,0
5143206,0
5041123,0
5090353,0
5143451,0
5142749,0
5023032,0
5022661,0
5041220,0
5135910,0
5116009,0
5042036,0
5041495,0
5024126,0
5044623,0
5079162,0
5149669,0
5062369,0
5053507,0
5069398,0
5089540,0
5118442,0
5022030,0
5113954,0
5132818,0
5105825,0
5028925,0
5051018,0
5028724,0
5095484,0
5090702,0
5096552,0
5114107,0
5143327,0
5150466,0
5061304,0
5091622,0
5024866,0
5095941,0
5096871,0
5143504,0
5024291,0
5132820,0
5052785,0
5150122,0
5045460,0
5113997,0
5048018,0
5026463,0
5150389,0
5065586,0
5068013,0
5050480,0
5035824,0
5091714,0
5125736,0
5089480,0
5024403,0
5115981,0
5114502,0
5118490,0
5139350,0
5054698,0
5061450,0
5046297,0
5114505,0
5112605,0
5046308,0
5067669,0
5022512,0
5115735,0
5137445,0
5126443,0
5091657,0
5085959,0
5137210,0
5029099,0
5115814,0
5117121,0
5117003,0
5095905,0
5024662,0
5048507,0
5150320,0
5142832,0
5045040,0
5078826,0
5085870,0
5148567,0
5112745,0
5062225,0
5105037,0
5068608,0
5137012,0
5037229,0
5132853,0
5021187,0
5066415,0
5118500,0
5048144,0
5023000,0
5022827,0
5149665,0
5041508,0
5024963,0
5089640,0
5010540,0
5088700,0
5009832,0
5149286,0
5113439,0
5139499,0
5036990,0
5029610,0
5115613,0
5041175,0
5054181,0
5105146,0
5137532,0
5142926,0
5054093,0
5113468,0
5143240,0
5069221,0
5148864,0
5024482,0
5028631,0
5132750,0
5096058,0
5105288,0
5022717,0
5068253,0
5062400,0
5010256,0
5056113,0
5021733,0
5115610,0
5148583,0
5022720,0
5042141,0
5140016,0
5132673,0
5117971,0
5117233,0
5050484,0
5021458,0
5028698,0
5091986,0
5024937,0
5009994,0
5069380,0
5050791,0
5149251,0
5125148,0
5069148,0
5090644,0
5066514,0
5067409,0
5052657,0
5126042,0
5085747,0
5113597,0
5148830,0
5096362,0
5090739,0
5026467,0
5106014,0
5140094,0
5149741,0
5036483,0
5052641,0
5053854,0
5050962,0
5148745,0
5028526,0
5023930,0
5052882,0
5096237,0
5146557,0
5022859,0
5036087,0
5118405,0
5023635,0
5025051,0
5105127,0
5025934,0
5117507,0
5054531,0
5089474,0
5114100,0
5091161,0
5051217,0
5047690,0
5068053,0
5139965,0
5023672,0
5054768,0
5009379,0
5118311,0
5149218,0
5029457,0
5041914,0
5149877,0
5115498,0
5009734,0
5145846,0
5067601,0
5149054,0
5091439,0
5067076,0
5091982,0
5096988,0
5091751,0
5142556,0
5021355,0
5132814,0
5091946,0
5023011,0
5054140,0
5149567,0
5047827,0
5028635,0
5114153,0
5126463,0
5148687,0
5117150,0
5029083,0
5046113,0
5125707,0
5061959,0
5088437,0
5010802,0
5150251,0
5079230,0
5085781,0
5126155,0
5136979,0
5085738,0
5008811,0
5090386,0
5054101,0
5142549,0
5010677,0
5054727,0
5135845,0
5069383,0
5010930,0
5025664,0
5061457,0
5088436,0
5085886,0
5132730,0
5079142,0
5113259,0
5068195,0
5125664,0
5113499,0
5091546,0
5116103,0
5115743,0
5148862,0
5048020,0
5051026,0
5056081,0
5091922,0
5021640,0
5149917,0
5009274,0
5091423,0
5010209,0
5066974,0
5125398,0
5104961,0
5050520,0
5149682,0
5137277,0
5089511,0
5125740,0
5149326,0
5117210,0
5105725,0
5088045,0
5139916,0
5132930,0
5088047,0
5038604,0
5095726,0
5029534,0
5029189,0
5050919,0
5091290,0
5050517,0
5028546,0
5009866,0
5052927,0
5046019,0
5061324,0
5125217,0
5090869,0
5061211,0
5056027,0
5125616,0
5061599,0
5009335,0
5010472,0
5028403,0
5067198,0
5135541,0
5117148,0
5118581,0
5096554,0
5143028,0
5067425,0
5028827,0
5056227,0
5050838,0
5096036,0
5105246,0
5028524,0
5090835,0
5116668,0
5105162,0
5115798,0
5092013,0
5116832,0
5091768,0
5142347,0
5143046,0
5113407,0
5036527,0
5100320,0
5135788,0
5046017,0
5022254,0
5038869,0
5142362,0
5009809,0
5135591,0
5126340,0
5096429,0
5062137,0
5067127,0
5023427,0
5033727,0
5067631,0
5090527,0
5143064,0
5022621,0
5033769,0
5047912,0
5097122,0
5113423,0
5136973,0
5150006,0
5069078,0
5026224,0
5022705,0
5116368,0
5148846,0
5142223,0
5085732,0
5056112,0
5029669,0
5008944,0
5126849,0
5053301,0
5091166,0
5065696,0
5037199,0
5058296,0
5091067,0
5028304,0
5062421,0
5114067,0
5041339,0
5125397,0
5105709,0
5062139,0
5145851,0
5037046,0
5096647,0
5125173,0
5023122,0
5052734,0
5029687,0
5041900,0
5146577,0
5085861,0
5125348,0
5091983,0
5079097,0
5021730,0
5091605,0
5126768,0
5105612,0
5033898,0
5094889,0
5139902,0
5068295,0
5112646,0
5089266,0
5053326,0
5125330,0
5029254,0
5041624,0
5148448,0
5079009,0
5048538,0
5053587,0
5132956,0
5113817,0
5033464,0
5142153,0
5118370,0
5142838,0
5132636,0
5024474,0
5118613,0
5117690,0
5026745,0
5021212,0
5096225,0
5112902,0
5105212,0
5025995,0
5139900,0
5114340,0
5028260,0
5143390,0
5061470,0
5089749,0
5105735,0
5033418,0
5116427,0
5068828,0
5023618,0
5117484,0
5104959,0
5090908,0
5091165,0
5105451,0
5033888,0
5051141,0
5095030,0
5105189,0
5095939,0
5089776,0
5067366,0
5068063,0
5068612,0
5025955,0
5146203,0
5010944,0
5054015,0
5021482,0
5149188,0
5067462,0
5028401,0
5149195,0
5092419,0
5146576,0
5116313,0
5024080,0
5090081,0
5118545,0
5137063,0
5085698,0
5079243,0
5113296,0
5091373,0
5136975,0
5116649,0
5041542,0
5126264,0
5045693,0
5125640,0
5068171,0
5113731,0
5125599,0
5113127,0
5089784,0
5041068,0
5114241,0
5029707,0
5021520,0
5105545,0
5115779,0
5036970,0
5028624,0
5061986,0
5053187,0
5116824,0
5095689,0
5052635,0
5099843,0
5118091,0
5053006,0
5021226,0
5065816,0
5023113,0
5149961,0
5118220,0
5114509,0
5024652,0
5135792,0
5105972,0
5037113,0
5036091,0
5117778,0
5053069,0
5053044,0
5024374,0
5092018,0
5066913,0
5096064,0
5091340,0
5097104,0
5079041,0
5095035,0
5090470,0
5053525,0
5062298,0
5053013,0
5096211,0
5061952,0
5042147,0
5126509,0
5105238,0
5061424,0
5023435,0
5068302,0
5021829,0
5106039,0
5069226,0
5118080,0
5085863,0
5090106,0
5069393,0
5009935,0
5022449,0
5089653,0
5028833,0
5010860,0
5010185,0
5061213,0
5061471,0
5148744,0
5139675,0
5022216,0
5126019,0
5028901,0
5009233,0
5146046,0
5117719,0
5095291,0
5105917,0
5095829,0
5090801,0
5100409,0
5085867,0
5112820,0
5042028,0
5068436,0
5079136,0
5149080,0
5116188,0
5106068,0
5135495,0
5024496,0
5068265,0
5149294,0
5068043,0
5140111,0
5021986,0
5088923,0
5142963,0
5118197,0
5125235,0
5117873,0
5090567,0
5111128,0
5137310,0
5095333,0
5036513,0
5078903,0
5023997,0
5085800,0
5096077,0
5142686,0
5042226,0
5090980,0
5051095,0
5021965,0
5113110,0
5139897,0
5054123,0
5143569,0
5113515,0
5088417,0
5067381,0
5116568,0
5106127,0
5149604,0
5053698,0
5028581,0
5053016,0
5038518,0
5021673,0
5023106,0
5061795,0
5061183,0
5118151,0
5125685,0
5028346,0
5090486,0
5025210,0
5033886,0
5067134,0
5058244,0
5010898,0
5112653,0
5074814,0
5105904,0
5045784,0
5023511,0
5053499,0
5125161,0
5089535,0
5045855,0
5092026,0
5058430,0
5125309,0
5089648,0
5038780,0
5046525,0
5067000,0
5088917,0
5092019,0
5143613,0
5088860,0
5126257,0
5054650,0
5090227,0
5028433,0
5022700,0
5104922,0
5038610,0
5037045,0
5126269,0
5148657,0
5021945,0
5065619,0
5036847,0
5113859,0
5028384,0
5086039,0
5024309,0
5069169,0
5053569,0
5149210,0
5066805,0
5036815,0
5116138,0
5105355,0
5068371,0
5021999,0
5068698,0
5009984,0
5113105,0
5054513,0
5116237,0
5118214,0
5115857,0
5062364,0
5117161,0
5042214,0
5137405,0
5058307,0
5048034,0
5048044,0
5095691,0
5079073,0
5033614,0
5149926,0
5117961,0
5028265,0
5061858,0
5033766,0
5115499,0
5061692,0
5113947,0
5036926,0
5099761,0
5054144,0
5089220,0
5054673,0
5089972,0
5042237,0
5113599,0
5028904,0
5033829,0
5009495,0
5125350,0
5091620,0
5090389,0
5132852,0
5117365,0
5142420,0
5096510,0
5061794,0
5125145,0
5140078,0
5024670,0
5090162,0
5069199,0
5051151,0
5085788,0
5116691,0
5065590,0
5125617,0
5024054,0
5023564,0
5054214,0
5149391,0
5088882,0
5022494,0
5088868,0
5009232,0
5148948,0
5087947,0
5135506,0
5091959,0
5046497,0
5050566,0
5126288,0
5033869,0
5078831,0
5048530,0
5053925,0
5033880,0
5068633,0
5010767,0
5068968,0
5008915,0
5023503,0
5113384,0
5054131,0
5022605,0
5052766,0
5142092,0
5089066,0
5078839,0
5036592,0
5061871,0
5045765,0
5022442,0
5038688,0
5090447,0
5125699,0
5045868,0
5065688,0
5091262,0
5087861,0
5115410,0
5099748,0
5051158,0
5096034,0
5126040,0
5114332,0
5089203,0
5068919,0
5132749,0
5148928,0
5125689,0
5095665,0
5033626,0
5149457,0
5024299,0
5113966,0
5029190,0
5054207,0
5091785,0
5067087,0
5137489,0
5117673,0
5065569,0
5137363,0
5115546,0
5113709,0
5047958,0
5146093,0
5067243,0
5009284,0
5100395,0
5135491,0
5112755,0
5052815,0
5090816,0
5029348,0
5106081,0
5118349,0
5146488,0
5091843,0
5024051,0
5095956,0
5022803,0
5118090,0
5142732,0
5079060,0
5033895,0
5089769,0
5142993,0
5116088,0
5139963,0
5008859,0
5065479,0
5026477,0
5091684,0
5048035,0
5105911,0
5037301,0
5090887,0
5022141,0
5150343,0
5045189,0
5009065,0
5142291,0
5042262,0
5143156,0
5025107,0
5145829,0
5096904,0
5009294,0
5033511,0
5026275,0
5026425,0
5067478,0
5068695,0
5037125,0
5100452,0
5091043,0
5065588,0
5143413,0
5009395,0
5008907,0
5023553,0
5036442,0
5046126,0
5029169,0
5029459,0
5051258,0
5125185,0
5099848,0
5065348,0
5009593,0
5148836,0
5089756,0
5024857,0
5149628,0
5036868,0
5069072,0
5023052,0
5146483,0
5092077,0
5058452,0
5136960,0
5068381,0
5143552,0
5146302,0
5069167,0
5024352,0
5095727,0
5091591,0
5024525,0
5118384,0
5095842,0
5036956,0
5068885,0
5022592,0
5105042,0
5061957,0
5028796,0
5068309,0
5024481,0
5112651,0
5095370,0
5118499,0
5135511,0
5050656,0
5142255,0
5041544,0
5125180,0
5143152,0
5021376,0
5096562,0
5100215,0
5036492,0
5052673,0
5115904,0
5089323,0
5033551,0
5022124,0
5089164,0
5067085,0
5023190,0
5106094,0
5091645,0
5149199,0
5113376,0
5045032,0
5148930,0
5058253,0
5148724,0
5095977,0
5125935,0
5126381,0
5022539,0
5089174,0
5089597,0
5126673,0
5126048,0
5096062,0
5009829,0
5023944,0
5066540,0
5087949,0
5023730,0
5079210,0
5115600,0
5048327,0
5078906,0
5091338,0
5068176,0
5114413,0
5009343,0
5106149,0
5062538,0
5126536,0
5142214,0
5092028,0
5115777,0
5145981,0
5038918,0
5066825,0
5143076,0
5054432,0
5053376,0
5041116,0
5142142,0
5046042,0
5053233,0
5009094,0
5143184,0
5054052,0
5050691,0
5090193,0
5045138,0
5150047,0
5062116,0
5088234,0
5095997,0
5115894,0
5036050,0
5118475,0
5025251,0
5035487,0
5113245,0
5090474,0
5068997,0
5024557,0
5105347,0
5009100,0
5117018,0
5062436,0
5149285,0
5149414,0
5090540,0
5149089,0
5068651,0
5054350,0
5010684,0
5066520,0
5135251,0
5142311,0
5046511,0
5135752,0
5116282,0
5113828,0
5066778,0
5135534,0
5068485,0
5149209,0
5135619,0
5135997,0
5105217,0
5106122,0
5095990,0
5126607,0
5099871,0
5087814,0
5023006,0
5048491,0
5036246,0
5054778,0
5009599,0
5048145,0
5021954,0
5029267,0
5091860,0
5105014,0
5069385,0
5100275,0
5053256,0
5022385,0
5145704,0
5090173,0
5092198,0
5091341,0
5113854,0
5091123,0
5087971,0
5023320,0
5115921,0
5036764,0
5149058,0
5148940,0
5024849,0
5069162,0
5033467,0
5111107,0
5054010,0
5050545,0
5114564,0
5095379,0
5053632,0
5149710,0
5061188,0
5115608,0
5126174,0
5095306,0
5028310,0
5096559,0
5050968,0
5023187,0
5143505,0
5056030,0
5114341,0
5036260,0
5095628,0
5065498,0
5065572,0
5048244,0
5067203,0
5052786,0
5009860,0
5025942,0
5053404,0
5088557,0
5088655,0
5125222,0
5050625,0
5096220,0
5139904,0
5010656,0
5085840,0
5135654,0
5137131,0
5021261,0
5096176,0
5137391,0
5024564,0
5022505,0
5150142,0
5026007,0
5091762,0
5021956,0
5023345,0
5112975,0
5048198,0
5010047,0
5048193,0
5096956,0
5125289,0
5145944,0
5009766,0
5149216,0
5018445,0
5052753,0
5009327,0
5028720,0
5021477,0
5021702,0
5125874,0
5022535,0
5142161,0
5146461,0
5105985,0
5117460,0
5094884,0
5142830,0
5117205,0
5058513,0
5085966,0
5105653,0
5125912,0
5105936,0
5068242,0
5089748,0
5046487,0
5100266,0
5041400,0
5086056,0
5142241,0
5062676,0
5050481,0
5028253,0
5114519,0
5050843,0
5091048,0
5100101,0
5087624,0
5145847,0
5051154,0
5053286,0
5036075,0
5146062,0
5143422,0
5036250,0
5125272,0
5105699,0
5058250,0
5135972,0
5116517,0
5087889,0
5024572,0
5041065,0
5117336,0
5036480,0
5114604,0
5041736,0
5028410,0
5137126,0
5062113,0
5010639,0
5087766,0
5126050,0
5048247,0
5053185,0
5125431,0
5114380,0
5116392,0
5022864,0
5079104,0
5079093,0
5116551,0
5149039,0
5036258,0
5115715,0
5090846,0
5010078,0
5023668,0
5069502,0
5036834,0
5037122,0
5042017,0
5117020,0
5143110,0
5054212,0
5088724,0
5148990,0
5085901,0
5090590,0
5148821,0
5061312,0
5021746,0
5029081,0
5135564,0
5023185,0
5074672,0
5033803,0
5067468,0
5116353,0
5078821,0
5010056,0
5068021,0
5143250,0
5149518,0
5139972,0
5009168,0
5067732,0
5045783,0
5009226,0
5143508,0
5096006,0
5126330,0
5022195,0
5139491,0
5024191,0
5026688,0
5142888,0
5117236,0
5135895,0
5050981,0
5135865,0
5089241,0
5088656,0
5025937,0
5116755,0
5105131,0
5143566,0
5048248,0
5149113,0
5085970,0
5062471,0
5024128,0
5149519,0
5028849,0
5089629,0
5021924,0
5126153,0
5067957,0
5010151,0
5100454,0
5041112,0
5100251,0
5149353,0
5100003,0
5047648,0
5125987,0
5068339,0
5052716,0
5047988,0
5115829,0
5142186,0
5146441,0
5054570,0
5047933,0
5048477,0
5054496,0
5065765,0
5089082,0
5113288,0
5033878,0
5038523,0
5045343,0
5024874,0
5024071,0
5024470,0
5090558,0
5050967,0
5068199,0
5053765,0
5143218,0
5025157,0
5100128,0
5054541,0
5100189,0
5125419,0
5140104,0
5135556,0
5025192,0
5029232,0
5053471,0
5074632,0
5042131,0
5051006,0
5113132,0
5116137,0
5142169,0
5046028,0
5068708,0
5054339,0
5105147,0
5041740,0
5078887,0
5126376,0
5068564,0
5010740,0
5028912,0
5061382,0
5149448,0
5069489,0
5066812,0
5062115,0
5113713,0
5105764,0
5142341,0
5010025,0
5149638,0
5053861,0
5091301,0
5024706,0
5050758,0
5062679,0
5114207,0
5029637,0
5094944,0
5022608,0
5132660,0
5142627,0
5053581,0
5048607,0
5048056,0
5054769,0
5137294,0
5115717,0
5145718,0
5088996,0
5024489,0
5095559,0
5099777,0
5038614,0
5135531,0
5033686,0
5105955,0
5149775,0
5008916,0
5036586,0
5048022,0
5041263,0
5135885,0
5118054,0
5095119,0
5062525,0
5068391,0
5048486,0
5046107,0
5061133,0
5010204,0
5051166,0
5066444,0
5126054,0
5010813,0
5148757,0
5023535,0
5028423,0
5021683,0
5009997,0
5023551,0
5096758,0
5149461,0
5142571,0
5096794,0
5097134,0
5126576,0
5008945,0
5028341,0
5029257,0
5146571,0
5146375,0
5148650,0
5090018,0
5090396,0
5062736,0
5125284,0
5079244,0
5145830,0
5149082,0
5126560,0
5118403,0
5089554,0
5045547,0
5051183,0
5067882,0
5135581,0
5010843,0
5046372,0
5036903,0
5089260,0
5034021,0
5142454,0
5088975,0
5068566,0
5068512,0
5068129,0
5126160,0
5048589,0
5054751,0
5068541,0
5036083,0
5068750,0
5035992,0
5062045,0
5074580,0
5132697,0
5047807,0
5142771,0
5067654,0
5085623,0
5092072,0
5085881,0
5009624,0
5143343,0
5091000,0
5067864,0
5090942,0
5025875,0
5092320,0
5118258,0
5021819,0
5146598,0
5045879,0
5105253,0
5148859,0
5116771,0
5068693,0
5090826,0
5095889,0
5023258,0
5066674,0
5145939,0
5024097,0
5125609,0
5022439,0
5068882,0
5048310,0
5009095,0
5111139,0
5095896,0
5024153,0
5104889,0
5045450,0
5062611,0
5111134,0
5068559,0
5028791,0
5095388,0
5066823,0
5115646,0
5117501,0
5091375,0
5126169,0
5142660,0
5142119,0
5091526,0
5126371,0
5010519,0
5021951,0
5026533,0
5146103,0
5029650,0
5116673,0
5023292,0
5024903,0
5050475,0
5021888,0
5089219,0
5117615,0
5068039,0
5117070,0
5029113,0
5126737,0
5023086,0
5067880,0
5142572,0
5010568,0
5041906,0
5126715,0
5028685,0
5024803,0
5045210,0
5046155,0
5143455,0
5068727,0
5026496,0
5026245,0
5021994,0
5067652,0
5024753,0
5026630,0
5069005,0
5028314,0
5142805,0
5095692,0
5048511,0
5113836,0
5046514,0
5097027,0
5149380,0
5050848,0
5113745,0
5028249,0
5117794,0
5068545,0
5099765,0
5024136,0
5067411,0
5010228,0
5097165,0
5029460,0
5048189,0
5029100,0
5105387,0
5116290,0
5089976,0
5117770,0
5025015,0
5053439,0
5052603,0
5143365,0
5091243,0
5061570,0
5135345,0
5142760,0
5089120,0
5053482,0
5126305,0
5088498,0
5024294,0
5105593,0
5068324,0
5113518,0
5142323,0
5113239,0
5050655,0
5069038,0
5116927,0
5009672,0
5148663,0
5135592,0
5116356,0
5068824,0
5050611,0
5045470,0
5009724,0
5091452,0
5116906,0
5125657,0
5142440,0
5066935,0
5068649,0
5021801,0
5094974,0
5023204,0
5047762,0
5097108,0
5126299,0
5126166,0
5021783,0
5023152,0
5146032,0
5132698,0
5118129,0
5054175,0
5065841,0
5021587,0
5146343,0
5041661,0
5117135,0
5085726,0
5025098,0
5067168,0
5085873,0
5096167,0
5010870,0
5078959,0
5051074,0
5095252,0
5009008,0
5045465,0
5146033,0
5035826,0
5067725,0
5053826,0
5113734,0
5137300,0
5065362,0
5058338,0
5024898,0
5065472,0
5091743,0
5148929,0
5142827,0
5067876,0
5044591,0
5062062,0
5142754,0
5149704,0
5052980,0
5126145,0
5149410,0
5048174,0
5143638,0
5142369,0
5136027,0
5022818,0
5036125,0
5050819,0
5096601,0
5092455,0
5044491,0
5145948,0
5106158,0
5091497,0
5054009,0
5024385,0
5116430,0
5132623,0
5058335,0
5085879,0
5010068,0
5149981,0
5148575,0
5140015,0
5045342,0
5126665,0
5117006,0
5112696,0
5069011,0
5117964,0
5116339,0
5028625,0
5010573,0
5042088,0
5036326,0
5114010,0
5062452,0
5090545,0
5143406,0
5009875,0
5028355,0
5065839,0
5036040,0
5091846,0
5149107,0
5068539,0
5056006,0
5053882,0
5089683,0
5142212,0
5056128,0
5021708,0
5028300,0
5068547,0
5067199,0
5139488,0
5051125,0
5067096,0
5068952,0
5113172,0
5105786,0
5054770,0
5091744,0
5048597,0
5023613,0
5146435,0
5078918,0
5148694,0
5028941,0
5113023,0
5089271,0
5125945,0
5091281,0
5146374,0
5085831,0
5021251,0
5100421,0
5104997,0
5009732,0
5041715,0
5149618,0
5045286,0
5023448,0
5132753,0
5028494,0
5118175,0
5113986,0
5092251,0
5112942,0
5010086,0
5062599,0
5041468,0
5118110,0
5117959,0
5066707,0
5067063,0
5116899,0
5047884,0
5045400,0
5092128,0
5048602,0
5036085,0
5146045,0
5089079,0
5009915,0
5045412,0
5145852,0
5061909,0
5079015,0
5054274,0
5142784,0
5137361,0
5054020,0
5022756,0
5089737,0
5065573,0
5009249,0
5113495,0
5067182,0
5117623,0
5022897,0
5149637,0
5095371,0
5105896,0
5078998,0
5054639,0
5010470,0
5054748,0
5024056,0
5116835,0
5150475,0
5145720,0
5142958,0
5113346,0
5135918,0
5078785,0
5143486,0
5116092,0
5143074,0
5125239,0
5089732,0
5056086,0
5096312,0
5148486,0
5061702,0
5038776,0
5099781,0
5116982,0
5090454,0
5022072,0
5009149,0
5061906,0
5125851,0
5053960,0
5099945,0
5042142,0
5091335,0
5087698,0
5089663,0
5094967,0
5132924,0
5061271,0
5092415,0
5050482,0
5061419,0
5135797,0
5068905,0
5041961,0
5051159,0
5089418,0
5149864,0
5137539,0
5033533,0
5069216,0
5052858,0
5125722,0
5024013,0
5089964,0
5050530,0
5036993,0
5149135,0
5105376,0
5091596,0
5090981,0
5149577,0
5041627,0
5042106,0
5099742,0
5054213,0
5033558,0
5026393,0
5021416,0
5118253,0
5106031,0
5028693,0
5022950,0
5067073,0
5023712,0
5116841,0
5036208,0
5089311,0
5116131,0
5088283,0
5126014,0
5009835,0
5068972,0
5095222,0
5105630,0
5125752,0
5096209,0
5085665,0
5022086,0
5024545,0
5125539,0
5143210,0
5022047,0
5045718,0
5061649,0
5026638,0
5091416,0
5085643,0
5068420,0
5090413,0
5114569,0
5024355,0
5097041,0
5033854,0
5113416,0
5089786,0
5115888,0
5096038,0
5009389,0
5044508,0
5021684,0
5091603,0
5025832,0
5142889,0
5148462,0
5092172,0
5022203,0
5068064,0
5025833,0
5062573,0
5024888,0
5045357,0
5087810,0
5041648,0
5142565,0
5143246,0
5041072,0
5021991,0
5008824,0
5054424,0
5033480,0
5022876,0
5062739,0
5139883,0
5126668,0
5068713,0
5092454,0
5052664,0
5105992,0
5065438,0
5095876,0
5068410,0
5050966,0
5041969,0
5008865,0
5117638,0
5038550,0
5058409,0
5054317,0
5096706,0
5105915,0
5009545,0
5053728,0
5067863,0
5142687,0
5068901,0
5025124,0
5021950,0
5009104,0
5145786,0
5137227,0
5125621,0
5113344,0
5126142,0
5009943,0
5137215,0
5010215,0
5118551,0
5114589,0
5069009,0
5116890,0
5105933,0
5078863,0
5022718,0
5105452,0
5091590,0
5048506,0
5009225,0
5051149,0
5088448,0
5045912,0
5068858,0
5010862,0
5036683,0
5069476,0
5092106,0
5024548,0
5116926,0
5069020,0
5113054,0
5090278,0
5135649,0
5067145,0
5091792,0
5125526,0
5105560,0
5048225,0
5052976,0
5042219,0
5148858,0
5087772,0
5090875,0
5091491,0
5095985,0
5048029,0
5045904,0
5132624,0
5150476,0
5053557,0
5069394,0
5008938,0
5024597,0
5079264,0
5065447,0
5024922,0
5054292,0
5115697,0
5117228,0
5041165,0
5090229,0
5126135,0
5105994,0
5022730,0
5053345,0
5029788,0
5105256,0
5053754,0
5113620,0
5021946,0
5053172,0
5143187,0
5113874,0
5024392,0
5069504,0
5029802,0
5113257,0
5142106,0
5114648,0
5023215,0
5149979,0
5033968,0
5053764,0
5143251,0
5023984,0
5087826,0
5037180,0
5061954,0
5029184,0
5125597,0
5099983,0
5061414,0
5009451,0
5068341,0
5113197,0
5023979,0
5142197,0
5035829,0
5054025,0
5113830,0
5117551,0
5118189,0
5010088,0
5148953,0
5142219,0
5022108,0
5023282,0
5054355,0
5062515,0
5029060,0
5024519,0
5113584,0
5137355,0
5112747,0
5036816,0
5143207,0
5023864,0
5022652,0
5149462,0
5113429,0
5009236,0
5024906,0
5068779,0
5105913,0
5045076,0
5023450,0
5117129,0
5105291,0
5009055,0
5023956,0
5036984,0
5090024,0
5146165,0
5118480,0
5090814,0
5022367,0
5091719,0
5041626,0
5145769,0
5142615,0
5150322,0
5052784,0
5150032,0
5148884,0
5044807,0
5091308,0
5029360,0
5104915,0
5053851,0
5022713,0
5067706,0
5061219,0
5116977,0
5137318,0
5068019,0
5024663,0
5033515,0
5026715,0
5095815,0
5067665,0
5125992,0
5068546,0
5062233,0
5062404,0
5050750,0
5089186,0
5096859,0
5097014,0
5010686,0
5037101,0
5041266,0
5062114,0
5025092,0
5050560,0
5112842,0
5096796,0
5132659,0
5135727,0
5095498,0
5090840,0
5114624,0
5037054,0
5091431,0
5029298,0
5069026,0
5142808,0
5024396,0
5095980,0
5058379,0
5088812,0
5068624,0
5114367,0
5023077,0
5105543,0
5036861,0
5045533,0
5150042,0
5140124,0
5058514,0
5143167,0
5068032,0
5067630,0
5035832,0
5113875,0
5089809,0
5023631,0
5090152,0
5028552,0
5125134,0
5009299,0
5113681,0
5149749,0
5142375,0
5069317,0
5067051,0
5025180,0
5053653,0
5096466,0
5066771,0
5058261,0
5095199,0
5090689,0
5115659,0
5033607,0
5096120,0
5125797,0
5065405,0
5090604,0
5048067,0
5116857,0
5118308,0
5118264,0
5125856,0
5024957,0
5047653,0
5089121,0
5079302,0
5053811,0
5096532,0
5117075,0
5117688,0
5009155,0
5105788,0
5116046,0
5009586,0
5062582,0
5024626,0
5053470,0
5090196,0
5113978,0
5142107,0
5045034,0
5023495,0
5111117,0
5149413,0
5033700,0
5117619,0
5114409,0
5021267,0
5048539,0
5114444,0
5056042,0
5096124,0
5096760,0
5118382,0
5024260,0
5033942,0
5142301,0
5038910,0
5116094,0
5099937,0
5067866,0
5066770,0
5079212,0
5022584,0
5044812,0
5142681,0
5008846,0
5045491,0
5068540,0
5137412,0
5115967,0
5065690,0
5116877,0
5067875,0
5116369,0
5117206,0
5026053,0
5021359,0
5088987,0
5025213,0
5126712,0
5135705,0
5091180,0
5028445,0
5126028,0
5023816,0
5148941,0
5118038,0
5092420,0
5023733,0
5116429,0
5114076,0
5125766,0
5142998,0
5038774,0
5041984,0
5026743,0
5104916,0
5096320,0
5091628,0
5067177,0
5093252,0
5088174,0
5018444,0
5052643,0
5028695,0
5029425,0
5116207,0
5010461,0
5105769,0
5114223,0
5100077,0
5069339,0
5113362,0
5052810,0
5089348,0
5135683,0
5021910,0
5148989,0
5045139,0
5074674,0
5117251,0
5104952,0
5126147,0
5113443,0
5050651,0
5046143,0
5022933,0
5038880,0
5041802,0
5054352,0
5041216,0
5045392,0
5095790,0
5140122,0
5008877,0
5090275,0
5116013,0
5150428,0
5092016,0
5113126,0
5113537,0
5094921,0
5053068,0
5137298,0
5132946,0
5117987,0
5024382,0
5050486,0
5099787,0
5050833,0
5029435,0
5135548,0
5149812,0
5116334,0
5114337,0
5038764,0
5117477,0
5113040,0
5024109,0
5046448,0
5079091,0
5097087,0
5050755,0
5115988,0
5113492,0
5026035,0
5009817,0
5038842,0
5137133,0
5025200,0
5100106,0
5048616,0
5010947,0
5117246,0
5067662,0
5010980,0
5105673,0
5065795,0
5088665,0
5068826,0
5142701,0
